日期,歌名,歌手
2026/9/27,O Pato（鸭子）,Ebony Loren
2026/9/26,Under the stars,Malachi Bailky/Malachi Bailey
2026/9/25,madhouse,Matt Maltese
2026/9/24,愛の残滓（爱之残滓）,藍月なくる
2026/9/23,刀子,卦者灵风
2026/9/20,花骨朵,洛天依Official/亚细亚旷世奇才
2026/9/19,Life could be a dream,The Crew Cuts
2026/9/16,Uptown Funk,Mark Ronson/Bruno Mars
2026/9/15,あだぽしゃ（尸蜡）,いよわ/初音ミク
2026/9/14,丸ノ内サディスティック（丸之内虐待狂）,椎名林檎
2026/9/12,Sleep Walking Orchestra,BUMP OF CHICKEN
2026/9/6,WHAT ROBOTS NEED (hazama RUNWAY ver.),AWAAWA
2026/9/5,Color Your Night,Chewie Melodies/Pealeaf
2026/9/4,忘记了也没关系,DOUDOU
2026/8/30,Gone Angels,Mili
2026/8/28,Dreamland,Swingrowers
2026/8/27,Не глядя назад（不要回头看）,Михаил Зив
